{
  "feature_cols": [
    "wave_height_m",
    "period_s",
    "temp_c",
    "wind_speed_mps",
    "pressure_hpa"
  ],
  "min": [
    0.38999998569488525,
    6.5,
    23.899999618530273,
    0.5,
    963.0
  ],
  "max": [
    6.170000076293945,
    10.899999618530273,
    31.5,
    38.33000183105469,
    1020.0
  ],
  "scale": [
    0.17301037907600403,
    0.22727274894714355,
    0.1315789371728897,
    0.026434045284986496,
    0.017543859779834747
  ]
}